,Company Name,Profile,Location,Stipend,Link
0,"
TeachForIndia",Web Development,Work From Home,Unpaid,/internship/detail/web-development-work-from-home-job-internship-at-teach-for-india1627121740
1,"
IITBombay",Mobile App Development,Work From Home, 2000-4000 /month,/internship/detail/mobile-app-development-work-from-home-job-internship-at-iit-bombay1626560025
2,"
IITBombay",Backend Development,Work From Home, 2000 /month,/internship/detail/backend-development-work-from-home-job-internship-at-iit-bombay1626417474
3,"
PaytmPaymentsBank",Technical Operations,Noida, 10000 /month,/internship/detail/technical-operations-internship-in-noida-at-paytm-payments-bank1626253702
4,"
GradeStackLearningPrivateLimited",UGC NET Content Development (Paper II - Computer Science),Work From Home, 1000-4000 /month,/internship/detail/ugc-net-content-development-paper-ii-computer-science-work-from-home-job-internship-at-gradestack-learning-private-limited1626177246
5,"
DxMindsTechnologiesIncorporation",Mobile App Development,Work From Home, 10000 /month,/internship/detail/mobile-app-development-work-from-home-job-internship-at-dxminds-technologies-incorporation1627124121
6,"
TheRisingPeopleWelfareSociety",Web Development,Work From Home,Unpaid,/internship/detail/web-development-work-from-home-job-internship-at-the-rising-people-welfare-society1627139669
7,"
ApicacyPrivateLimited",ERP Development,Work From Home, 1000 /month,/internship/detail/erp-development-work-from-home-job-internship-at-apicacy-private-limited1627139479
8,"
RajbalaEducationalInstitutionPrivateLimited",Web Development,Work From Home, 1000 /month,/internship/detail/web-development-work-from-home-job-internship-at-rajbala-educational-institution-private-limited1627139213
9,"
Aptence",Mobile App Development,Work From Home, 5000-10000 /month,/internship/detail/mobile-app-development-work-from-home-job-internship-at-aptence1627138531
10,"
DigitalFlow",Web Development,Work From Home, 1000-5000 /month,/internship/detail/web-development-work-from-home-job-internship-at-digitalflow1627127288
11,"
ESrotConsultingLabs",Mobile App Development,Work From Home, 8000-12000 /month,/internship/detail/mobile-app-development-work-from-home-job-internship-at-esrot-consulting-labs1627126416
12,"
AtlantaSystemsPrivateLimited",Embedded Software Engineering,Delhi, 10000 /month,/internship/detail/embedded-software-engineering-internship-in-delhi-at-atlanta-systems-private-limited1627136921
13,"
TheRightDoctors",MEAN Stack Development,Work From Home, 1000 /month,/internship/detail/mean-stack-development-work-from-home-job-internship-at-therightdoctors1627136917
14,"
RaftLabs",Full Stack Development,Work From Home, 8000-15000 /month,/internship/detail/full-stack-development-work-from-home-job-internship-at-raftlabs1627125442
15,"
TechfiZonePrivateLimited",Web Development,Work From Home, 5000-10000 /month,/internship/detail/web-development-work-from-home-job-internship-at-techfi-zone-private-limited1627136322
16,"
SankalpSoftSolutions",Web Development,Work From Home, 2000 /month,/internship/detail/web-development-work-from-home-job-internship-at-sankalpsoft-solutions1627134911
17,"
TrozorroConsultancyServicesPrivateLimited",PHP Development (CodeIgniter),Noida, 3000-7000 /month,/internship/detail/php-development-codeigniter-internship-in-noida-at-trozorro-consultancy-services-private-limited1627133453
18,"
PrimrootTechnologyPrivateLimited",Mobile App Development,Delhi, 8000-12000 /month,/internship/detail/mobile-app-development-internship-in-delhi-at-primroot-technology-private-limited1627132951
19,"
OxyAIEducationPrivateLimited",Content Creation (Web Development/IT),Work From Home, 10000-20000 /month,/internship/detail/content-creation-web-development-it-work-from-home-job-internship-at-oxyai-education-private-limited1627126226
20,"
GreenbookMediaAndApps",Mobile App Development,Work From Home, 5000 /month,/internship/detail/mobile-app-development-work-from-home-job-internship-at-greenbook-media-and-apps1627127933
21,"
SudGoyal",PHP Development,Work From Home, 10000-12500 /month,/internship/detail/php-development-work-from-home-job-internship-at-sud-goyal1627130061
22,"
MoLogMedia&Advertising",Android App Development,Work From Home, 6000 /month,/internship/detail/android-app-development-work-from-home-job-internship-at-molog-media-advertising1627129695
23,"
EcoImpulsePrivateLimited",Web Development,Work From Home, 1000-2000 /month,/internship/detail/web-development-work-from-home-job-internship-at-ecoimpulse-private-limited1627129543
24,"
AtlantaSystemsPrivateLimited",Database Development,Delhi, 10000 /month,/internship/detail/database-development-internship-in-delhi-at-atlanta-systems-private-limited1627128750
25,"
XcitEducationFoundations",Web Development,Work From Home,Unpaid,/internship/detail/web-development-work-from-home-job-internship-at-xciteducation-foundations1627127819
26,"
ExtensionTechnologies",Mobile App Development,Faridabad, 6000-10000 /month,/internship/detail/mobile-app-development-internship-in-faridabad-at-extension-technologies1627127407
27,"
OrSootLLP",JavaScript Game Development,Work From Home, 7000-10000 /month,/internship/detail/javascript-game-development-work-from-home-job-internship-at-orsoot-llp1627122723
28,"
FlipperCodePrivateLimited",Computer Vision,Work From Home, 10000 /month,/internship/detail/computer-vision-work-from-home-job-internship-at-flipper-code-private-limited1627108374
29,"
FlipperCodePrivateLimited",Web Development,Work From Home, 10000 /month,/internship/detail/web-development-work-from-home-job-internship-at-flipper-code-private-limited1627108537
30,"
DigiAdTech",Web Development,Work From Home, 20000 /month,/internship/detail/web-development-work-from-home-job-internship-at-digiadtech1627122319
31,"
NinjaasLabsPrivateLimited",Web Development,Work From Home, 12000 /month,/internship/detail/web-development-work-from-home-job-internship-at-ninjaas-labs-private-limited1627126205
32,"
SilopSmartAutomationTechnologiesPrivateLimited",WordPress Development (Ecommerce),Delhi, 3000 /month,/internship/detail/wordpress-development-ecommerce-internship-in-delhi-at-silop-smart-automation-technologies-private-limited1627125917
33,"
MentorKart(DGguruLearningSolutionsPrivateLimited)",Web Development,Noida, 10000 /month,/internship/detail/web-development-internship-in-noida-at-mentorkart-dgguru-learning-solutions-private-limited1627125106
34,"
DoctHubHealthTechPrivateLimited",Web Development,Ahmedabad, 3000 /month,/internship/detail/web-development-internship-in-ahmedabad-at-docthub-health-tech-private-limited1627105350
35,"
PRIXLED",Web Development (Redux),Work From Home, 5000-8000 /month,/internship/detail/web-development-redux-work-from-home-job-internship-at-prixled1627124127
36,"
HopeFoundation",Web Development,Work From Home,Unpaid,/internship/detail/web-development-work-from-home-job-internship-at-hope-foundation1627123727
37,"
Foodesh",Mobile App Development,Work From Home, 10000-20000 /month,/internship/detail/mobile-app-development-work-from-home-job-internship-at-foodesh1627113541
38,"
FellaFeeds",PHP Development,Work From Home, 10000-20000 /month,/internship/detail/php-development-work-from-home-job-internship-at-fellafeeds1627114489
39,"
IMaxTechnologiesPrivateLimited",Web Development,Faridabad, 2000 /month,/internship/detail/web-development-internship-in-multiple-locations-at-imax-technologies-private-limited1627113634
